Segment,Region,Total_Regional_Sales
Consumer,West,362880.7729999998
Consumer,East,350908.16700000025
Consumer,Central,252031.4339999999
Consumer,South,195580.9709999999
Corporate,West,225855.27449999977
Corporate,East,200409.34699999995
Corporate,Central,157995.81280000004
Corporate,South,121885.93249999998
Home Office,West,136721.7769999999
Home Office,East,127463.72600000007
Home Office,Central,91212.64400000004
Home Office,South,74255.00149999998
